id;id_card;name;code;date_of_birth;address;phone_number;created_by;created_date;last_modified_by;last_modified_date
1;Steel Graphical User Interface;Personal Loan Account;Architect Montana Paradigm;scalable Buckinghamshire;Macedonia Towels backing up;Savings Account;synergies Investment Account;2020-12-06T00:23:47;coherent Wooden application;2020-12-06T03:40:05
2;Tugrik;access Texas navigating;Borders panel;Home Loan Account;synergistic Organic;Investment Account;Berkshire compress even-keeled;2020-12-06T06:00:45;Corporate;2020-12-06T10:08:04
3;Rial Omani withdrawal;Home;wireless;Coordinator;GB Plastic compressing;Frozen Checking Account Sleek Concrete Shirt;Refined 1080p;2020-12-06T14:05:55;Incredible Fresh Hat Response;2020-12-06T00:19:10
4;Steel;turquoise;Salad Progressive;eyeballs HTTP revolutionize;action-items human-resource;Handcrafted Plastic Table turn-key deposit;Implemented Avon;2020-12-06T10:27:55;Borders;2020-12-06T07:29:41
5;e-enable yellow port;Movies Re-contextualized Small;Program;architecture;COM expedite Human;ubiquitous e-tailers;Borders;2020-12-06T17:43:28;Granite Usability;2020-12-06T14:01:17
6;Auto Loan Account Global models;Chief synthesizing white;Handcrafted Cotton Gloves;extend Branch;Australian Dollar;channels;implementation front-end Exclusive;2020-12-06T17:27:51;Yen primary;2020-12-06T17:22:17
7;Faroe Islands yellow;neutral;cross-platform Investment Account;Intelligent quantifying;groupware;support Ergonomic Soft Car adapter;Avon Falkland Islands Pound;2020-12-06T12:36:05;Sleek Wooden Mouse Kentucky Directives;2020-12-06T16:22:46
8;Motorway;portals Plaza yellow;Stand-alone Turkish Lira;Senior Estates;Intelligent open-source;paradigm;Persevering Aruban Guilder circuit;2020-12-06T05:23:05;Awesome service-desk;2020-12-05T18:48:14
9;open-source;Inlet Consultant;platforms back-end;HTTP bandwidth-monitored;channels Czech Koruna Handmade Plastic Pizza;Licensed Wooden Cheese;systemic;2020-12-06T09:06:47;Intelligent;2020-12-06T06:25:49
10;Parkway;Surinam Dollar 24/7;Engineer;24 hour;firewall;cross-platform Licensed Concrete Ball;Shoes definition;2020-12-06T18:01:44;Strategist;2020-12-06T08:30:45
